"","SS","df"
"JointModel",0.408054034795471,39
"SeparateModel",0.121506545436313,38
"Difference",0.286547489359158,1
"RelativeDifference",235.828850478964,2.63157894736842
"Ratio(F)",89.6149631820065,NA
"p-value",1.53184883985738e-11,NA
