"","SS","df"
"JointModel",0.300687087946885,36
"SeparateModel",0.162294148730199,35
"Difference",0.138392939216686,1
"RelativeDifference",85.2729074334982,2.85714285714286
"Ratio(F)",29.8455176017244,NA
"p-value",3.94216272451925e-06,NA
