"","SS","df"
"JointModel",0.300687087946885,36
"SeparateModel",0.0996632498297179,35
"Difference",0.201023838117167,1
"RelativeDifference",201.703073560847,2.85714285714286
"Ratio(F)",70.5960757462964,NA
"p-value",6.54555194057664e-10,NA
