"","SS","df"
"JointModel",1.7559919775718,59
"SeparateModel",0.311700610054886,55
"Difference",1.44429136751691,4
"RelativeDifference",463.358530887249,7.27272727272727
"Ratio(F)",63.7117979969967,NA
"p-value",5.32929027897723e-20,NA
