"","SS","df"
"JointModel",1.3412318190754,47
"SeparateModel",0.261942058826106,43
"Difference",1.07928976024929,4
"RelativeDifference",412.033777655309,9.30232558139535
"Ratio(F)",44.2936310979457,NA
"p-value",1.02933338963264e-14,NA
