"","SS","df"
"JointModel",0.386593742471796,54
"SeparateModel",0.369737251272105,50
"Difference",0.0168564911996912,4
"RelativeDifference",4.55904595539003,8
"Ratio(F)",0.569880744423754,NA
"p-value",0.685676839741603,NA
